login;email;first_name;last_name;password
admin4;abstr4@progr.net;First;Last Name;202cb962ac59075b964b07152d234b70
asd1;asd1@asd.asd;asd;asd;7815696ecbf1c96e6894b779456d330e
test;a_d@asd.asd;Jack;Pot;202cb962ac59075b964b07152d234b70
user1;user1@user.com;First1;Last1;202cb962ac59075b964b07152d234b70
user2;user2@user.com;First2;Last2;202cb962ac59075b964b07152d234b70
user3;user3@user.com;First3;Last3;202cb962ac59075b964b07152d234b70
user4;user4@user.com;First4;Last4;202cb962ac59075b964b07152d234b70
user7;user7@user.com;First7;Last7;202cb962ac59075b964b07152d234b70
user11;user11@user.com;First11;Last11;202cb962ac59075b964b07152d234b70
user12;user12@user.com;First12;Last12;202cb962ac59075b964b07152d234b70
user13;user13@user.com;First13;Last13;202cb962ac59075b964b07152d234b70
user14;user14@user.com;First14;Last14;202cb962ac59075b964b07152d234b70
user15;user15@user.com;First15;Last15;202cb962ac59075b964b07152d234b70
user16;user16@user.com;First16;Last16;202cb962ac59075b964b07152d234b70
user17;user17@user.com;First17;Last17;202cb962ac59075b964b07152d234b70
user18;user18@user.com;First18;Last18;202cb962ac59075b964b07152d234b70
user19;user19@user.com;First19;Last19;202cb962ac59075b964b07152d234b70
user20;user20@user.com;First20;Last20;202cb962ac59075b964b07152d234b70
user21;user21@user.com;First21;Last21;202cb962ac59075b964b07152d234b70
user22;user22@user.com;First22;Last22;202cb962ac59075b964b07152d234b70
user23;user23@user.com;First23;Last23;202cb962ac59075b964b07152d234b70
user24;user24@user.com;First24;Last24;202cb962ac59075b964b07152d234b70
user25;user25@user.com;First25;Last25;202cb962ac59075b964b07152d234b70
user26;user26@user.com;First26;Last26;202cb962ac59075b964b07152d234b70
user27;user27@user.com;First27;Last27;202cb962ac59075b964b07152d234b70
user28;user28@user.com;First28;Last28;202cb962ac59075b964b07152d234b70
user29;user29@user.com;First29;Last29;202cb962ac59075b964b07152d234b70
user30;user30@user.com;First30;Last30;202cb962ac59075b964b07152d234b70
user31;user31@user.com;First31;Last31;202cb962ac59075b964b07152d234b70
user32;user32@user.com;First32;Last32;202cb962ac59075b964b07152d234b70
user33;user33@user.com;First33;Last33;202cb962ac59075b964b07152d234b70
user34;user34@user.com;First34;Last34;202cb962ac59075b964b07152d234b70
user35;user35@user.com;First35;Last35;202cb962ac59075b964b07152d234b70
user36;user36@user.com;First36;Last36;202cb962ac59075b964b07152d234b70
user37;user37@user.com;First37;Last37;202cb962ac59075b964b07152d234b70
user38;user38@user.com;First38;Last38;202cb962ac59075b964b07152d234b70
user39;user39@user.com;First39;Last39;202cb962ac59075b964b07152d234b70
user40;user40@user.com;First40;Last40;202cb962ac59075b964b07152d234b70
user41;user41@user.com;First41;Last41;202cb962ac59075b964b07152d234b70
user42;user42@user.com;First42;Last42;202cb962ac59075b964b07152d234b70
user43;user43@user.com;First43;Last43;202cb962ac59075b964b07152d234b70
user44;user44@user.com;First44;Last44;202cb962ac59075b964b07152d234b70
user45;user45@user.com;First45;Last45;202cb962ac59075b964b07152d234b70
user46;user46@user.com;First46;Last46;202cb962ac59075b964b07152d234b70
user47;user47@user.com;First47;Last47;202cb962ac59075b964b07152d234b70
user48;user48@user.com;First48;Last48;202cb962ac59075b964b07152d234b70
user49;user49@user.com;First49;Last49;202cb962ac59075b964b07152d234b70
user50;user50@user.com;First50;Last50;202cb962ac59075b964b07152d234b70
user51;user51@user.com;First51;Last51;202cb962ac59075b964b07152d234b70
user52;user52@user.com;First52;Last52;202cb962ac59075b964b07152d234b70
user53;user53@user.com;First53;Last53;202cb962ac59075b964b07152d234b70
user54;user54@user.com;First54;Last54;202cb962ac59075b964b07152d234b70
user55;user55@user.com;First55;Last55;202cb962ac59075b964b07152d234b70
user56;user56@user.com;First56;Last56;202cb962ac59075b964b07152d234b70
user57;user57@user.com;First57;Last57;202cb962ac59075b964b07152d234b70
user58;user58@user.com;First58;Last58;202cb962ac59075b964b07152d234b70
user59;user59@user.com;First59;Last59;202cb962ac59075b964b07152d234b70
user60;user60@user.com;First60;Last60;202cb962ac59075b964b07152d234b70
user61;user61@user.com;First61;Last61;202cb962ac59075b964b07152d234b70
user62;user62@user.com;First62;Last62;202cb962ac59075b964b07152d234b70
user63;user63@user.com;First63;Last63;202cb962ac59075b964b07152d234b70
user64;user64@user.com;First64;Last64;202cb962ac59075b964b07152d234b70
user65;user65@user.com;First65;Last65;202cb962ac59075b964b07152d234b70
user66;user66@user.com;First66;Last66;202cb962ac59075b964b07152d234b70
user67;user67@user.com;First67;Last67;202cb962ac59075b964b07152d234b70
user68;user68@user.com;First68;Last68;202cb962ac59075b964b07152d234b70
user69;user69@user.com;First69;Last69;202cb962ac59075b964b07152d234b70
user70;user70@user.com;First70;Last70;202cb962ac59075b964b07152d234b70
user71;user71@user.com;First71;Last71;202cb962ac59075b964b07152d234b70
user72;user72@user.com;First72;Last72;202cb962ac59075b964b07152d234b70
user73;user73@user.com;First73;Last73;202cb962ac59075b964b07152d234b70
user74;user74@user.com;First74;Last74;202cb962ac59075b964b07152d234b70
user75;user75@user.com;First75;Last75;202cb962ac59075b964b07152d234b70
user76;user76@user.com;First76;Last76;202cb962ac59075b964b07152d234b70
user77;user77@user.com;First77;Last77;202cb962ac59075b964b07152d234b70
user78;user78@user.com;First78;Last78;202cb962ac59075b964b07152d234b70
user79;user79@user.com;First79;Last79;202cb962ac59075b964b07152d234b70
user80;user80@user.com;First80;Last80;202cb962ac59075b964b07152d234b70
user81;user81@user.com;First81;Last81;202cb962ac59075b964b07152d234b70
user82;user82@user.com;First82;Last82;202cb962ac59075b964b07152d234b70
user83;user83@user.com;First83;Last83;202cb962ac59075b964b07152d234b70
user84;user84@user.com;First84;Last84;202cb962ac59075b964b07152d234b70
user85;user85@user.com;First85;Last85;202cb962ac59075b964b07152d234b70
user86;user86@user.com;First86;Last86;202cb962ac59075b964b07152d234b70
user87;user87@user.com;First87;Last87;202cb962ac59075b964b07152d234b70
user88;user88@user.com;First88;Last88;202cb962ac59075b964b07152d234b70
user89;user89@user.com;First89;Last89;202cb962ac59075b964b07152d234b70
user90;user90@user.com;First90;Last90;202cb962ac59075b964b07152d234b70
user91;user91@user.com;First91;Last91;202cb962ac59075b964b07152d234b70
user92;user92@user.com;First92;Last92;202cb962ac59075b964b07152d234b70
user93;user93@user.com;First93;Last93;202cb962ac59075b964b07152d234b70
user94;user94@user.com;First94;Last94;202cb962ac59075b964b07152d234b70
user95;user95@user.com;First95;Last95;202cb962ac59075b964b07152d234b70
user96;user96@user.com;First96;Last96;202cb962ac59075b964b07152d234b70
user97;user97@user.com;First97;Last97;202cb962ac59075b964b07152d234b70
user98;user98@user.com;First98;Last98;202cb962ac59075b964b07152d234b70
user99;user99@user.com;First99;Last99;202cb962ac59075b964b07152d234b70
user100;user100@user.com;First100;Last100;202cb962ac59075b964b07152d234b70
user101;user101@user.com;First101;Last101;202cb962ac59075b964b07152d234b70
user102;user102@user.com;First102;Last102;202cb962ac59075b964b07152d234b70
user103;user103@user.com;First103;Last103;202cb962ac59075b964b07152d234b70
user104;user104@user.com;First104;Last104;202cb962ac59075b964b07152d234b70
user105;user105@user.com;First105;Last105;202cb962ac59075b964b07152d234b70
user106;user106@user.com;First106;Last106;202cb962ac59075b964b07152d234b70
user107;user107@user.com;First107;Last107;202cb962ac59075b964b07152d234b70
user108;user108@user.com;First108;Last108;202cb962ac59075b964b07152d234b70
user109;user109@user.com;First109;Last109;202cb962ac59075b964b07152d234b70
user110;user110@user.com;First110;Last110;202cb962ac59075b964b07152d234b70
user111;user111@user.com;First111;Last111;202cb962ac59075b964b07152d234b70
user112;user112@user.com;First112;Last112;202cb962ac59075b964b07152d234b70
user113;user113@user.com;First113;Last113;202cb962ac59075b964b07152d234b70
user114;user114@user.com;First114;Last114;202cb962ac59075b964b07152d234b70
user115;user115@user.com;First115;Last115;202cb962ac59075b964b07152d234b70
user116;user116@user.com;First116;Last116;202cb962ac59075b964b07152d234b70
user117;user117@user.com;First117;Last117;202cb962ac59075b964b07152d234b70
user118;user118@user.com;First118;Last118;202cb962ac59075b964b07152d234b70
user119;user119@user.com;First119;Last119;202cb962ac59075b964b07152d234b70
user120;user120@user.com;First120;Last120;202cb962ac59075b964b07152d234b70
user121;user121@user.com;First121;Last121;202cb962ac59075b964b07152d234b70
user122;user122@user.com;First122;Last122;202cb962ac59075b964b07152d234b70
user123;user123@user.com;First123;Last123;202cb962ac59075b964b07152d234b70
user124;user124@user.com;First124;Last124;202cb962ac59075b964b07152d234b70
user125;user125@user.com;First125;Last125;202cb962ac59075b964b07152d234b70
user126;user126@user.com;First126;Last126;202cb962ac59075b964b07152d234b70
user127;user127@user.com;First127;Last127;202cb962ac59075b964b07152d234b70
user128;user128@user.com;First128;Last128;202cb962ac59075b964b07152d234b70
user129;user129@user.com;First129;Last129;202cb962ac59075b964b07152d234b70
user130;user130@user.com;First130;Last130;202cb962ac59075b964b07152d234b70
user131;user131@user.com;First131;Last131;202cb962ac59075b964b07152d234b70
user132;user132@user.com;First132;Last132;202cb962ac59075b964b07152d234b70
user133;user133@user.com;First133;Last133;202cb962ac59075b964b07152d234b70
user134;user134@user.com;First134;Last134;202cb962ac59075b964b07152d234b70
user135;user135@user.com;First135;Last135;202cb962ac59075b964b07152d234b70
user136;user136@user.com;First136;Last136;202cb962ac59075b964b07152d234b70
user137;user137@user.com;First137;Last137;202cb962ac59075b964b07152d234b70
user138;user138@user.com;First138;Last138;202cb962ac59075b964b07152d234b70
user139;user139@user.com;First139;Last139;202cb962ac59075b964b07152d234b70
user140;user140@user.com;First140;Last140;202cb962ac59075b964b07152d234b70
user141;user141@user.com;First141;Last141;202cb962ac59075b964b07152d234b70
user142;user142@user.com;First142;Last142;202cb962ac59075b964b07152d234b70
user143;user143@user.com;First143;Last143;202cb962ac59075b964b07152d234b70
user144;user144@user.com;First144;Last144;202cb962ac59075b964b07152d234b70
user145;user145@user.com;First145;Last145;202cb962ac59075b964b07152d234b70
user146;user146@user.com;First146;Last146;202cb962ac59075b964b07152d234b70
user147;user147@user.com;First147;Last147;202cb962ac59075b964b07152d234b70
user148;user148@user.com;First148;Last148;202cb962ac59075b964b07152d234b70
user149;user149@user.com;First149;Last149;202cb962ac59075b964b07152d234b70
user150;user150@user.com;First150;Last150;202cb962ac59075b964b07152d234b70
user151;user151@user.com;First151;Last151;202cb962ac59075b964b07152d234b70
user152;user152@user.com;First152;Last152;202cb962ac59075b964b07152d234b70
user153;user153@user.com;First153;Last153;202cb962ac59075b964b07152d234b70
user154;user154@user.com;First154;Last154;202cb962ac59075b964b07152d234b70
user155;user155@user.com;First155;Last155;202cb962ac59075b964b07152d234b70
user156;user156@user.com;First156;Last156;202cb962ac59075b964b07152d234b70
user157;user157@user.com;First157;Last157;202cb962ac59075b964b07152d234b70
user158;user158@user.com;First158;Last158;202cb962ac59075b964b07152d234b70
user159;user159@user.com;First159;Last159;202cb962ac59075b964b07152d234b70
user160;user160@user.com;First160;Last160;202cb962ac59075b964b07152d234b70
user161;user161@user.com;First161;Last161;202cb962ac59075b964b07152d234b70
user162;user162@user.com;First162;Last162;202cb962ac59075b964b07152d234b70
user163;user163@user.com;First163;Last163;202cb962ac59075b964b07152d234b70
user164;user164@user.com;First164;Last164;202cb962ac59075b964b07152d234b70
user165;user165@user.com;First165;Last165;202cb962ac59075b964b07152d234b70
user166;user166@user.com;First166;Last166;202cb962ac59075b964b07152d234b70
user167;user167@user.com;First167;Last167;202cb962ac59075b964b07152d234b70
user168;user168@user.com;First168;Last168;202cb962ac59075b964b07152d234b70
user169;user169@user.com;First169;Last169;202cb962ac59075b964b07152d234b70
user170;user170@user.com;First170;Last170;202cb962ac59075b964b07152d234b70
user171;user171@user.com;First171;Last171;202cb962ac59075b964b07152d234b70
user172;user172@user.com;First172;Last172;202cb962ac59075b964b07152d234b70
user173;user173@user.com;First173;Last173;202cb962ac59075b964b07152d234b70
user174;user174@user.com;First174;Last174;202cb962ac59075b964b07152d234b70
user175;user175@user.com;First175;Last175;202cb962ac59075b964b07152d234b70
user176;user176@user.com;First176;Last176;202cb962ac59075b964b07152d234b70
user177;user177@user.com;First177;Last177;202cb962ac59075b964b07152d234b70
user178;user178@user.com;First178;Last178;202cb962ac59075b964b07152d234b70
user179;user179@user.com;First179;Last179;202cb962ac59075b964b07152d234b70
user180;user180@user.com;First180;Last180;202cb962ac59075b964b07152d234b70
user181;user181@user.com;First181;Last181;202cb962ac59075b964b07152d234b70
user182;user182@user.com;First182;Last182;202cb962ac59075b964b07152d234b70
user183;user183@user.com;First183;Last183;202cb962ac59075b964b07152d234b70
user184;user184@user.com;First184;Last184;202cb962ac59075b964b07152d234b70
user185;user185@user.com;First185;Last185;202cb962ac59075b964b07152d234b70
user186;user186@user.com;First186;Last186;202cb962ac59075b964b07152d234b70
user187;user187@user.com;First187;Last187;202cb962ac59075b964b07152d234b70
user188;user188@user.com;First188;Last188;202cb962ac59075b964b07152d234b70
user189;user189@user.com;First189;Last189;202cb962ac59075b964b07152d234b70
user190;user190@user.com;First190;Last190;202cb962ac59075b964b07152d234b70
user191;user191@user.com;First191;Last191;202cb962ac59075b964b07152d234b70
user192;user192@user.com;First192;Last192;202cb962ac59075b964b07152d234b70
user193;user193@user.com;First193;Last193;202cb962ac59075b964b07152d234b70
user194;user194@user.com;First194;Last194;202cb962ac59075b964b07152d234b70
user195;user195@user.com;First195;Last195;202cb962ac59075b964b07152d234b70
user196;user196@user.com;First196;Last196;202cb962ac59075b964b07152d234b70
user197;user197@user.com;First197;Last197;202cb962ac59075b964b07152d234b70
user198;user198@user.com;First198;Last198;202cb962ac59075b964b07152d234b70
user199;user199@user.com;First199;Last199;202cb962ac59075b964b07152d234b70
user200;user200@user.com;First200;Last200;202cb962ac59075b964b07152d234b70
user201;user201@user.com;First201;Last201;202cb962ac59075b964b07152d234b70
user202;user202@user.com;First202;Last202;202cb962ac59075b964b07152d234b70
user203;user203@user.com;First203;Last203;202cb962ac59075b964b07152d234b70
user204;user204@user.com;First204;Last204;202cb962ac59075b964b07152d234b70
user205;user205@user.com;First205;Last205;202cb962ac59075b964b07152d234b70
user206;user206@user.com;First206;Last206;202cb962ac59075b964b07152d234b70
user207;user207@user.com;First207;Last207;202cb962ac59075b964b07152d234b70
user208;user208@user.com;First208;Last208;202cb962ac59075b964b07152d234b70
user209;user209@user.com;First209;Last209;202cb962ac59075b964b07152d234b70
user210;user210@user.com;First210;Last210;202cb962ac59075b964b07152d234b70
user211;user211@user.com;First211;Last211;202cb962ac59075b964b07152d234b70
user212;user212@user.com;First212;Last212;202cb962ac59075b964b07152d234b70
user213;user213@user.com;First213;Last213;202cb962ac59075b964b07152d234b70
user214;user214@user.com;First214;Last214;202cb962ac59075b964b07152d234b70
user215;user215@user.com;First215;Last215;202cb962ac59075b964b07152d234b70
user216;user216@user.com;First216;Last216;202cb962ac59075b964b07152d234b70
user217;user217@user.com;First217;Last217;202cb962ac59075b964b07152d234b70
user218;user218@user.com;First218;Last218;202cb962ac59075b964b07152d234b70
user219;user219@user.com;First219;Last219;202cb962ac59075b964b07152d234b70
user220;user220@user.com;First220;Last220;202cb962ac59075b964b07152d234b70
user221;user221@user.com;First221;Last221;202cb962ac59075b964b07152d234b70
user222;user222@user.com;First222;Last222;202cb962ac59075b964b07152d234b70
user223;user223@user.com;First223;Last223;202cb962ac59075b964b07152d234b70
user224;user224@user.com;First224;Last224;202cb962ac59075b964b07152d234b70
user225;user225@user.com;First225;Last225;202cb962ac59075b964b07152d234b70
user226;user226@user.com;First226;Last226;202cb962ac59075b964b07152d234b70
user227;user227@user.com;First227;Last227;202cb962ac59075b964b07152d234b70
user228;user228@user.com;First228;Last228;202cb962ac59075b964b07152d234b70
user229;user229@user.com;First229;Last229;202cb962ac59075b964b07152d234b70
user230;user230@user.com;First230;Last230;202cb962ac59075b964b07152d234b70
user231;user231@user.com;First231;Last231;202cb962ac59075b964b07152d234b70
user232;user232@user.com;First232;Last232;202cb962ac59075b964b07152d234b70
user233;user233@user.com;First233;Last233;202cb962ac59075b964b07152d234b70
user234;user234@user.com;First234;Last234;202cb962ac59075b964b07152d234b70
user235;user235@user.com;First235;Last235;202cb962ac59075b964b07152d234b70
user236;user236@user.com;First236;Last236;202cb962ac59075b964b07152d234b70
user237;user237@user.com;First237;Last237;202cb962ac59075b964b07152d234b70
user238;user238@user.com;First238;Last238;202cb962ac59075b964b07152d234b70
user239;user239@user.com;First239;Last239;202cb962ac59075b964b07152d234b70
user240;user240@user.com;First240;Last240;202cb962ac59075b964b07152d234b70
user241;user241@user.com;First241;Last241;202cb962ac59075b964b07152d234b70
user242;user242@user.com;First242;Last242;202cb962ac59075b964b07152d234b70
user243;user243@user.com;First243;Last243;202cb962ac59075b964b07152d234b70
user244;user244@user.com;First244;Last244;202cb962ac59075b964b07152d234b70
user245;user245@user.com;First245;Last245;202cb962ac59075b964b07152d234b70
user246;user246@user.com;First246;Last246;202cb962ac59075b964b07152d234b70
user247;user247@user.com;First247;Last247;202cb962ac59075b964b07152d234b70
user248;user248@user.com;First248;Last248;202cb962ac59075b964b07152d234b70
user249;user249@user.com;First249;Last249;202cb962ac59075b964b07152d234b70
user250;user250@user.com;First250;Last250;202cb962ac59075b964b07152d234b70
user251;user251@user.com;First251;Last251;202cb962ac59075b964b07152d234b70
user252;user252@user.com;First252;Last252;202cb962ac59075b964b07152d234b70
user253;user253@user.com;First253;Last253;202cb962ac59075b964b07152d234b70
user254;user254@user.com;First254;Last254;202cb962ac59075b964b07152d234b70
user255;user255@user.com;First255;Last255;202cb962ac59075b964b07152d234b70
user256;user256@user.com;First256;Last256;202cb962ac59075b964b07152d234b70
user257;user257@user.com;First257;Last257;202cb962ac59075b964b07152d234b70
user258;user258@user.com;First258;Last258;202cb962ac59075b964b07152d234b70
user259;user259@user.com;First259;Last259;202cb962ac59075b964b07152d234b70
user260;user260@user.com;First260;Last260;202cb962ac59075b964b07152d234b70
user261;user261@user.com;First261;Last261;202cb962ac59075b964b07152d234b70
user263;user263@user.com;First263;Last263;202cb962ac59075b964b07152d234b70
user264;user264@user.com;First264;Last264;202cb962ac59075b964b07152d234b70
user265;user265@user.com;First265;Last265;202cb962ac59075b964b07152d234b70
user266;user266@user.com;First266;Last266;202cb962ac59075b964b07152d234b70
user267;user267@user.com;First267;Last267;202cb962ac59075b964b07152d234b70
user268;user268@user.com;First268;Last268;202cb962ac59075b964b07152d234b70
user269;user269@user.com;First269;Last269;202cb962ac59075b964b07152d234b70
user270;user270@user.com;First270;Last270;202cb962ac59075b964b07152d234b70
user271;user271@user.com;First271;Last271;202cb962ac59075b964b07152d234b70
user272;user272@user.com;First272;Last272;202cb962ac59075b964b07152d234b70
user273;user273@user.com;First273;Last273;202cb962ac59075b964b07152d234b70
user274;user274@user.com;First274;Last274;202cb962ac59075b964b07152d234b70
user275;user275@user.com;First275;Last275;202cb962ac59075b964b07152d234b70
user276;user276@user.com;First276;Last276;202cb962ac59075b964b07152d234b70
user277;user277@user.com;First277;Last277;202cb962ac59075b964b07152d234b70
user278;user278@user.com;First278;Last278;202cb962ac59075b964b07152d234b70
user279;user279@user.com;First279;Last279;202cb962ac59075b964b07152d234b70
user280;user280@user.com;First280;Last280;202cb962ac59075b964b07152d234b70
user281;user281@user.com;First281;Last281;202cb962ac59075b964b07152d234b70
user282;user282@user.com;First282;Last282;202cb962ac59075b964b07152d234b70
user283;user283@user.com;First283;Last283;202cb962ac59075b964b07152d234b70
user284;user284@user.com;First284;Last284;202cb962ac59075b964b07152d234b70
user285;user285@user.com;First285;Last285;202cb962ac59075b964b07152d234b70
user286;user286@user.com;First286;Last286;202cb962ac59075b964b07152d234b70
user287;user287@user.com;First287;Last287;202cb962ac59075b964b07152d234b70
user288;user288@user.com;First288;Last288;202cb962ac59075b964b07152d234b70
user289;user289@user.com;First289;Last289;202cb962ac59075b964b07152d234b70
user290;user290@user.com;First290;Last290;202cb962ac59075b964b07152d234b70
user291;user291@user.com;First291;Last291;202cb962ac59075b964b07152d234b70
user292;user292@user.com;First292;Last292;202cb962ac59075b964b07152d234b70
user293;user293@user.com;First293;Last293;202cb962ac59075b964b07152d234b70
user294;user294@user.com;First294;Last294;202cb962ac59075b964b07152d234b70
user295;user295@user.com;First295;Last295;202cb962ac59075b964b07152d234b70
user296;user296@user.com;First296;Last296;202cb962ac59075b964b07152d234b70
user297;user297@user.com;First297;Last297;202cb962ac59075b964b07152d234b70
user298;user298@user.com;First298;Last298;202cb962ac59075b964b07152d234b70
user299;user299@user.com;First299;Last299;202cb962ac59075b964b07152d234b70
user300;user300@user.com;First300;Last300;202cb962ac59075b964b07152d234b70
user301;user301@user.com;First301;Last301;202cb962ac59075b964b07152d234b70
user302;user302@user.com;First302;Last302;202cb962ac59075b964b07152d234b70
user303;user303@user.com;First303;Last303;202cb962ac59075b964b07152d234b70
user304;user304@user.com;First304;Last304;202cb962ac59075b964b07152d234b70
user305;user305@user.com;First305;Last305;202cb962ac59075b964b07152d234b70
user306;user306@user.com;First306;Last306;202cb962ac59075b964b07152d234b70
user307;user307@user.com;First307;Last307;202cb962ac59075b964b07152d234b70
user308;user308@user.com;First308;Last308;202cb962ac59075b964b07152d234b70
user309;user309@user.com;First309;Last309;202cb962ac59075b964b07152d234b70
user310;user310@user.com;First310;Last310;202cb962ac59075b964b07152d234b70
user311;user311@user.com;First311;Last311;202cb962ac59075b964b07152d234b70
user312;user312@user.com;First312;Last312;202cb962ac59075b964b07152d234b70
user313;user313@user.com;First313;Last313;202cb962ac59075b964b07152d234b70
user314;user314@user.com;First314;Last314;202cb962ac59075b964b07152d234b70
user315;user315@user.com;First315;Last315;202cb962ac59075b964b07152d234b70
user316;user316@user.com;First316;Last316;202cb962ac59075b964b07152d234b70
user317;user317@user.com;First317;Last317;202cb962ac59075b964b07152d234b70
user318;user318@user.com;First318;Last318;202cb962ac59075b964b07152d234b70
user319;user319@user.com;First319;Last319;202cb962ac59075b964b07152d234b70
user320;user320@user.com;First320;Last320;202cb962ac59075b964b07152d234b70
user321;user321@user.com;First321;Last321;202cb962ac59075b964b07152d234b70
user322;user322@user.com;First322;Last322;202cb962ac59075b964b07152d234b70
user323;user323@user.com;First323;Last323;202cb962ac59075b964b07152d234b70
user324;user324@user.com;First324;Last324;202cb962ac59075b964b07152d234b70
user325;user325@user.com;First325;Last325;202cb962ac59075b964b07152d234b70
user326;user326@user.com;First326;Last326;202cb962ac59075b964b07152d234b70
user327;user327@user.com;First327;Last327;202cb962ac59075b964b07152d234b70
user328;user328@user.com;First328;Last328;202cb962ac59075b964b07152d234b70
user329;user329@user.com;First329;Last329;202cb962ac59075b964b07152d234b70
user330;user330@user.com;First330;Last330;202cb962ac59075b964b07152d234b70
user331;user331@user.com;First331;Last331;202cb962ac59075b964b07152d234b70
user332;user332@user.com;First332;Last332;202cb962ac59075b964b07152d234b70
user333;user333@user.com;First333;Last333;202cb962ac59075b964b07152d234b70
user334;user334@user.com;First334;Last334;202cb962ac59075b964b07152d234b70
user335;user335@user.com;First335;Last335;202cb962ac59075b964b07152d234b70
user336;user336@user.com;First336;Last336;202cb962ac59075b964b07152d234b70
user337;user337@user.com;First337;Last337;202cb962ac59075b964b07152d234b70
user338;user338@user.com;First338;Last338;202cb962ac59075b964b07152d234b70
user339;user339@user.com;First339;Last339;202cb962ac59075b964b07152d234b70
user340;user340@user.com;First340;Last340;202cb962ac59075b964b07152d234b70
user341;user341@user.com;First341;Last341;202cb962ac59075b964b07152d234b70
user342;user342@user.com;First342;Last342;202cb962ac59075b964b07152d234b70
user343;user343@user.com;First343;Last343;202cb962ac59075b964b07152d234b70
user344;user344@user.com;First344;Last344;202cb962ac59075b964b07152d234b70
user345;user345@user.com;First345;Last345;202cb962ac59075b964b07152d234b70
user346;user346@user.com;First346;Last346;202cb962ac59075b964b07152d234b70
user347;user347@user.com;First347;Last347;202cb962ac59075b964b07152d234b70
user348;user348@user.com;First348;Last348;202cb962ac59075b964b07152d234b70
user349;user349@user.com;First349;Last349;202cb962ac59075b964b07152d234b70
user350;user350@user.com;First350;Last350;202cb962ac59075b964b07152d234b70
user351;user351@user.com;First351;Last351;202cb962ac59075b964b07152d234b70
user352;user352@user.com;First352;Last352;202cb962ac59075b964b07152d234b70
user353;user353@user.com;First353;Last353;202cb962ac59075b964b07152d234b70
user354;user354@user.com;First354;Last354;202cb962ac59075b964b07152d234b70
user355;user355@user.com;First355;Last355;202cb962ac59075b964b07152d234b70
user356;user356@user.com;First356;Last356;202cb962ac59075b964b07152d234b70
user357;user357@user.com;First357;Last357;202cb962ac59075b964b07152d234b70
user358;user358@user.com;First358;Last358;202cb962ac59075b964b07152d234b70
user359;user359@user.com;First359;Last359;202cb962ac59075b964b07152d234b70
user360;user360@user.com;First360;Last360;202cb962ac59075b964b07152d234b70
user361;user361@user.com;First361;Last361;202cb962ac59075b964b07152d234b70
user362;user362@user.com;First362;Last362;202cb962ac59075b964b07152d234b70
user363;user363@user.com;First363;Last363;202cb962ac59075b964b07152d234b70
user364;user364@user.com;First364;Last364;202cb962ac59075b964b07152d234b70
user365;user365@user.com;First365;Last365;202cb962ac59075b964b07152d234b70
user366;user366@user.com;First366;Last366;202cb962ac59075b964b07152d234b70
user367;user367@user.com;First367;Last367;202cb962ac59075b964b07152d234b70
user368;user368@user.com;First368;Last368;202cb962ac59075b964b07152d234b70
user369;user369@user.com;First369;Last369;202cb962ac59075b964b07152d234b70
user370;user370@user.com;First370;Last370;202cb962ac59075b964b07152d234b70
user371;user371@user.com;First371;Last371;202cb962ac59075b964b07152d234b70
user372;user372@user.com;First372;Last372;202cb962ac59075b964b07152d234b70
user373;user373@user.com;First373;Last373;202cb962ac59075b964b07152d234b70
user374;user374@user.com;First374;Last374;202cb962ac59075b964b07152d234b70
user375;user375@user.com;First375;Last375;202cb962ac59075b964b07152d234b70
user376;user376@user.com;First376;Last376;202cb962ac59075b964b07152d234b70
user377;user377@user.com;First377;Last377;202cb962ac59075b964b07152d234b70
user378;user378@user.com;First378;Last378;202cb962ac59075b964b07152d234b70
user379;user379@user.com;First379;Last379;202cb962ac59075b964b07152d234b70
user380;user380@user.com;First380;Last380;202cb962ac59075b964b07152d234b70
user381;user381@user.com;First381;Last381;202cb962ac59075b964b07152d234b70
user382;user382@user.com;First382;Last382;202cb962ac59075b964b07152d234b70
user383;user383@user.com;First383;Last383;202cb962ac59075b964b07152d234b70
user384;user384@user.com;First384;Last384;202cb962ac59075b964b07152d234b70
user385;user385@user.com;First385;Last385;202cb962ac59075b964b07152d234b70
user386;user386@user.com;First386;Last386;202cb962ac59075b964b07152d234b70
user387;user387@user.com;First387;Last387;202cb962ac59075b964b07152d234b70
user388;user388@user.com;First388;Last388;202cb962ac59075b964b07152d234b70
user389;user389@user.com;First389;Last389;202cb962ac59075b964b07152d234b70
user390;user390@user.com;First390;Last390;202cb962ac59075b964b07152d234b70
user391;user391@user.com;First391;Last391;202cb962ac59075b964b07152d234b70
user392;user392@user.com;First392;Last392;202cb962ac59075b964b07152d234b70
user393;user393@user.com;First393;Last393;202cb962ac59075b964b07152d234b70
user394;user394@user.com;First394;Last394;202cb962ac59075b964b07152d234b70
user395;user395@user.com;First395;Last395;202cb962ac59075b964b07152d234b70
user396;user396@user.com;First396;Last396;202cb962ac59075b964b07152d234b70
user397;user397@user.com;First397;Last397;202cb962ac59075b964b07152d234b70
user398;user398@user.com;First398;Last398;202cb962ac59075b964b07152d234b70
user399;user399@user.com;First399;Last399;202cb962ac59075b964b07152d234b70
user400;user400@user.com;First400;Last400;202cb962ac59075b964b07152d234b70
user401;user401@user.com;First401;Last401;202cb962ac59075b964b07152d234b70
user402;user402@user.com;First402;Last402;202cb962ac59075b964b07152d234b70
user403;user403@user.com;First403;Last403;202cb962ac59075b964b07152d234b70
user404;user404@user.com;First404;Last404;202cb962ac59075b964b07152d234b70
user405;user405@user.com;First405;Last405;202cb962ac59075b964b07152d234b70
user406;user406@user.com;First406;Last406;202cb962ac59075b964b07152d234b70
user407;user407@user.com;First407;Last407;202cb962ac59075b964b07152d234b70
user408;user408@user.com;First408;Last408;202cb962ac59075b964b07152d234b70
user409;user409@user.com;First409;Last409;202cb962ac59075b964b07152d234b70
user410;user410@user.com;First410;Last410;202cb962ac59075b964b07152d234b70
user411;user411@user.com;First411;Last411;202cb962ac59075b964b07152d234b70
user412;user412@user.com;First412;Last412;202cb962ac59075b964b07152d234b70
user413;user413@user.com;First413;Last413;202cb962ac59075b964b07152d234b70
user414;user414@user.com;First414;Last414;202cb962ac59075b964b07152d234b70
user415;user415@user.com;First415;Last415;202cb962ac59075b964b07152d234b70
user416;user416@user.com;First416;Last416;202cb962ac59075b964b07152d234b70
user417;user417@user.com;First417;Last417;202cb962ac59075b964b07152d234b70
user418;user418@user.com;First418;Last418;202cb962ac59075b964b07152d234b70
user419;user419@user.com;First419;Last419;202cb962ac59075b964b07152d234b70
user420;user420@user.com;First420;Last420;202cb962ac59075b964b07152d234b70
user421;user421@user.com;First421;Last421;202cb962ac59075b964b07152d234b70
user422;user422@user.com;First422;Last422;202cb962ac59075b964b07152d234b70
user423;user423@user.com;First423;Last423;202cb962ac59075b964b07152d234b70
user424;user424@user.com;First424;Last424;202cb962ac59075b964b07152d234b70
user425;user425@user.com;First425;Last425;202cb962ac59075b964b07152d234b70
user426;user426@user.com;First426;Last426;202cb962ac59075b964b07152d234b70
user427;user427@user.com;First427;Last427;202cb962ac59075b964b07152d234b70
user428;user428@user.com;First428;Last428;202cb962ac59075b964b07152d234b70
user429;user429@user.com;First429;Last429;202cb962ac59075b964b07152d234b70
user430;user430@user.com;First430;Last430;202cb962ac59075b964b07152d234b70
user431;user431@user.com;First431;Last431;202cb962ac59075b964b07152d234b70
user432;user432@user.com;First432;Last432;202cb962ac59075b964b07152d234b70
user433;user433@user.com;First433;Last433;202cb962ac59075b964b07152d234b70
user434;user434@user.com;First434;Last434;202cb962ac59075b964b07152d234b70
user435;user435@user.com;First435;Last435;202cb962ac59075b964b07152d234b70
user436;user436@user.com;First436;Last436;202cb962ac59075b964b07152d234b70
user437;user437@user.com;First437;Last437;202cb962ac59075b964b07152d234b70
user438;user438@user.com;First438;Last438;202cb962ac59075b964b07152d234b70
user439;user439@user.com;First439;Last439;202cb962ac59075b964b07152d234b70
user440;user440@user.com;First440;Last440;202cb962ac59075b964b07152d234b70
user441;user441@user.com;First441;Last441;202cb962ac59075b964b07152d234b70
user442;user442@user.com;First442;Last442;202cb962ac59075b964b07152d234b70
user443;user443@user.com;First443;Last443;202cb962ac59075b964b07152d234b70
user444;user444@user.com;First444;Last444;202cb962ac59075b964b07152d234b70
user445;user445@user.com;First445;Last445;202cb962ac59075b964b07152d234b70
user446;user446@user.com;First446;Last446;202cb962ac59075b964b07152d234b70
user447;user447@user.com;First447;Last447;202cb962ac59075b964b07152d234b70
user448;user448@user.com;First448;Last448;202cb962ac59075b964b07152d234b70
user449;user449@user.com;First449;Last449;202cb962ac59075b964b07152d234b70
user450;user450@user.com;First450;Last450;202cb962ac59075b964b07152d234b70
user451;user451@user.com;First451;Last451;202cb962ac59075b964b07152d234b70
user452;user452@user.com;First452;Last452;202cb962ac59075b964b07152d234b70
user453;user453@user.com;First453;Last453;202cb962ac59075b964b07152d234b70
user454;user454@user.com;First454;Last454;202cb962ac59075b964b07152d234b70
user455;user455@user.com;First455;Last455;202cb962ac59075b964b07152d234b70
user456;user456@user.com;First456;Last456;202cb962ac59075b964b07152d234b70
user457;user457@user.com;First457;Last457;202cb962ac59075b964b07152d234b70
user458;user458@user.com;First458;Last458;202cb962ac59075b964b07152d234b70
user459;user459@user.com;First459;Last459;202cb962ac59075b964b07152d234b70
user460;user460@user.com;First460;Last460;202cb962ac59075b964b07152d234b70
user461;user461@user.com;First461;Last461;202cb962ac59075b964b07152d234b70
user462;user462@user.com;First462;Last462;202cb962ac59075b964b07152d234b70
user463;user463@user.com;First463;Last463;202cb962ac59075b964b07152d234b70
user464;user464@user.com;First464;Last464;202cb962ac59075b964b07152d234b70
user465;user465@user.com;First465;Last465;202cb962ac59075b964b07152d234b70
user466;user466@user.com;First466;Last466;202cb962ac59075b964b07152d234b70
user467;user467@user.com;First467;Last467;202cb962ac59075b964b07152d234b70
user468;user468@user.com;First468;Last468;202cb962ac59075b964b07152d234b70
user469;user469@user.com;First469;Last469;202cb962ac59075b964b07152d234b70
user470;user470@user.com;First470;Last470;202cb962ac59075b964b07152d234b70
user471;user471@user.com;First471;Last471;202cb962ac59075b964b07152d234b70
user472;user472@user.com;First472;Last472;202cb962ac59075b964b07152d234b70
user473;user473@user.com;First473;Last473;202cb962ac59075b964b07152d234b70
user474;user474@user.com;First474;Last474;202cb962ac59075b964b07152d234b70
user475;user475@user.com;First475;Last475;202cb962ac59075b964b07152d234b70
user476;user476@user.com;First476;Last476;202cb962ac59075b964b07152d234b70
user477;user477@user.com;First477;Last477;202cb962ac59075b964b07152d234b70
user478;user478@user.com;First478;Last478;202cb962ac59075b964b07152d234b70
user479;user479@user.com;First479;Last479;202cb962ac59075b964b07152d234b70
user480;user480@user.com;First480;Last480;202cb962ac59075b964b07152d234b70
user481;user481@user.com;First481;Last481;202cb962ac59075b964b07152d234b70
user482;user482@user.com;First482;Last482;202cb962ac59075b964b07152d234b70
user483;user483@user.com;First483;Last483;202cb962ac59075b964b07152d234b70
user484;user484@user.com;First484;Last484;202cb962ac59075b964b07152d234b70
user485;user485@user.com;First485;Last485;202cb962ac59075b964b07152d234b70
user486;user486@user.com;First486;Last486;202cb962ac59075b964b07152d234b70
user487;user487@user.com;First487;Last487;202cb962ac59075b964b07152d234b70
user488;user488@user.com;First488;Last488;202cb962ac59075b964b07152d234b70
user489;user489@user.com;First489;Last489;202cb962ac59075b964b07152d234b70
user490;user490@user.com;First490;Last490;202cb962ac59075b964b07152d234b70
user491;user491@user.com;First491;Last491;202cb962ac59075b964b07152d234b70
user492;user492@user.com;First492;Last492;202cb962ac59075b964b07152d234b70
user493;user493@user.com;First493;Last493;202cb962ac59075b964b07152d234b70
user494;user494@user.com;First494;Last494;202cb962ac59075b964b07152d234b70
user495;user495@user.com;First495;Last495;202cb962ac59075b964b07152d234b70
user496;user496@user.com;First496;Last496;202cb962ac59075b964b07152d234b70
user497;user497@user.com;First497;Last497;202cb962ac59075b964b07152d234b70
user498;user498@user.com;First498;Last498;202cb962ac59075b964b07152d234b70
user499;user499@user.com;First499;Last499;202cb962ac59075b964b07152d234b70
user500;user500@user.com;First500;Last500;202cb962ac59075b964b07152d234b70
user501;user501@user.com;First501;Last501;202cb962ac59075b964b07152d234b70
user502;user502@user.com;First502;Last502;202cb962ac59075b964b07152d234b70
user503;user503@user.com;First503;Last503;202cb962ac59075b964b07152d234b70
user504;user504@user.com;First504;Last504;202cb962ac59075b964b07152d234b70
user505;user505@user.com;First505;Last505;202cb962ac59075b964b07152d234b70
user506;user506@user.com;First506;Last506;202cb962ac59075b964b07152d234b70
user507;user507@user.com;First507;Last507;202cb962ac59075b964b07152d234b70
user508;user508@user.com;First508;Last508;202cb962ac59075b964b07152d234b70
user509;user509@user.com;First509;Last509;202cb962ac59075b964b07152d234b70
user510;user510@user.com;First510;Last510;202cb962ac59075b964b07152d234b70
user511;user511@user.com;First511;Last511;202cb962ac59075b964b07152d234b70
user512;user512@user.com;First512;Last512;202cb962ac59075b964b07152d234b70
user513;user513@user.com;First513;Last513;202cb962ac59075b964b07152d234b70
user514;user514@user.com;First514;Last514;202cb962ac59075b964b07152d234b70
user515;user515@user.com;First515;Last515;202cb962ac59075b964b07152d234b70
user516;user516@user.com;First516;Last516;202cb962ac59075b964b07152d234b70
user517;user517@user.com;First517;Last517;202cb962ac59075b964b07152d234b70
user518;user518@user.com;First518;Last518;202cb962ac59075b964b07152d234b70
user519;user519@user.com;First519;Last519;202cb962ac59075b964b07152d234b70
user520;user520@user.com;First520;Last520;202cb962ac59075b964b07152d234b70
user521;user521@user.com;First521;Last521;202cb962ac59075b964b07152d234b70
user522;user522@user.com;First522;Last522;202cb962ac59075b964b07152d234b70
user523;user523@user.com;First523;Last523;202cb962ac59075b964b07152d234b70
user524;user524@user.com;First524;Last524;202cb962ac59075b964b07152d234b70
user525;user525@user.com;First525;Last525;202cb962ac59075b964b07152d234b70
user526;user526@user.com;First526;Last526;202cb962ac59075b964b07152d234b70
user527;user527@user.com;First527;Last527;202cb962ac59075b964b07152d234b70
user528;user528@user.com;First528;Last528;202cb962ac59075b964b07152d234b70
user529;user529@user.com;First529;Last529;202cb962ac59075b964b07152d234b70
user530;user530@user.com;First530;Last530;202cb962ac59075b964b07152d234b70
user531;user531@user.com;First531;Last531;202cb962ac59075b964b07152d234b70
user532;user532@user.com;First532;Last532;202cb962ac59075b964b07152d234b70
user533;user533@user.com;First533;Last533;202cb962ac59075b964b07152d234b70
user534;user534@user.com;First534;Last534;202cb962ac59075b964b07152d234b70
user535;user535@user.com;First535;Last535;202cb962ac59075b964b07152d234b70
user536;user536@user.com;First536;Last536;202cb962ac59075b964b07152d234b70
user537;user537@user.com;First537;Last537;202cb962ac59075b964b07152d234b70
user538;user538@user.com;First538;Last538;202cb962ac59075b964b07152d234b70
user539;user539@user.com;First539;Last539;202cb962ac59075b964b07152d234b70
user540;user540@user.com;First540;Last540;202cb962ac59075b964b07152d234b70
user541;user541@user.com;First541;Last541;202cb962ac59075b964b07152d234b70
user542;user542@user.com;First542;Last542;202cb962ac59075b964b07152d234b70
user543;user543@user.com;First543;Last543;202cb962ac59075b964b07152d234b70
user544;user544@user.com;First544;Last544;202cb962ac59075b964b07152d234b70
user545;user545@user.com;First545;Last545;202cb962ac59075b964b07152d234b70
user546;user546@user.com;First546;Last546;202cb962ac59075b964b07152d234b70
user547;user547@user.com;First547;Last547;202cb962ac59075b964b07152d234b70
user548;user548@user.com;First548;Last548;202cb962ac59075b964b07152d234b70
user549;user549@user.com;First549;Last549;202cb962ac59075b964b07152d234b70
user550;user550@user.com;First550;Last550;202cb962ac59075b964b07152d234b70
user551;user551@user.com;First551;Last551;202cb962ac59075b964b07152d234b70
user552;user552@user.com;First552;Last552;202cb962ac59075b964b07152d234b70
user553;user553@user.com;First553;Last553;202cb962ac59075b964b07152d234b70
user554;user554@user.com;First554;Last554;202cb962ac59075b964b07152d234b70
user555;user555@user.com;First555;Last555;202cb962ac59075b964b07152d234b70
user556;user556@user.com;First556;Last556;202cb962ac59075b964b07152d234b70
user557;user557@user.com;First557;Last557;202cb962ac59075b964b07152d234b70
user558;user558@user.com;First558;Last558;202cb962ac59075b964b07152d234b70
user559;user559@user.com;First559;Last559;202cb962ac59075b964b07152d234b70
user560;user560@user.com;First560;Last560;202cb962ac59075b964b07152d234b70
user561;user561@user.com;First561;Last561;202cb962ac59075b964b07152d234b70
user562;user562@user.com;First562;Last562;202cb962ac59075b964b07152d234b70
user563;user563@user.com;First563;Last563;202cb962ac59075b964b07152d234b70
user564;user564@user.com;First564;Last564;202cb962ac59075b964b07152d234b70
user565;user565@user.com;First565;Last565;202cb962ac59075b964b07152d234b70
user566;user566@user.com;First566;Last566;202cb962ac59075b964b07152d234b70
user567;user567@user.com;First567;Last567;202cb962ac59075b964b07152d234b70
user568;user568@user.com;First568;Last568;202cb962ac59075b964b07152d234b70
user569;user569@user.com;First569;Last569;202cb962ac59075b964b07152d234b70
user570;user570@user.com;First570;Last570;202cb962ac59075b964b07152d234b70
user571;user571@user.com;First571;Last571;202cb962ac59075b964b07152d234b70
user572;user572@user.com;First572;Last572;202cb962ac59075b964b07152d234b70
user573;user573@user.com;First573;Last573;202cb962ac59075b964b07152d234b70
user574;user574@user.com;First574;Last574;202cb962ac59075b964b07152d234b70
user575;user575@user.com;First575;Last575;202cb962ac59075b964b07152d234b70
user576;user576@user.com;First576;Last576;202cb962ac59075b964b07152d234b70
user577;user577@user.com;First577;Last577;202cb962ac59075b964b07152d234b70
user578;user578@user.com;First578;Last578;202cb962ac59075b964b07152d234b70
user579;user579@user.com;First579;Last579;202cb962ac59075b964b07152d234b70
user580;user580@user.com;First580;Last580;202cb962ac59075b964b07152d234b70
user581;user581@user.com;First581;Last581;202cb962ac59075b964b07152d234b70
user582;user582@user.com;First582;Last582;202cb962ac59075b964b07152d234b70
user583;user583@user.com;First583;Last583;202cb962ac59075b964b07152d234b70
user584;user584@user.com;First584;Last584;202cb962ac59075b964b07152d234b70
user585;user585@user.com;First585;Last585;202cb962ac59075b964b07152d234b70
user586;user586@user.com;First586;Last586;202cb962ac59075b964b07152d234b70
user587;user587@user.com;First587;Last587;202cb962ac59075b964b07152d234b70
user588;user588@user.com;First588;Last588;202cb962ac59075b964b07152d234b70
user589;user589@user.com;First589;Last589;202cb962ac59075b964b07152d234b70
user590;user590@user.com;First590;Last590;202cb962ac59075b964b07152d234b70
user591;user591@user.com;First591;Last591;202cb962ac59075b964b07152d234b70
user592;user592@user.com;First592;Last592;202cb962ac59075b964b07152d234b70
user593;user593@user.com;First593;Last593;202cb962ac59075b964b07152d234b70
user594;user594@user.com;First594;Last594;202cb962ac59075b964b07152d234b70
user595;user595@user.com;First595;Last595;202cb962ac59075b964b07152d234b70
user596;user596@user.com;First596;Last596;202cb962ac59075b964b07152d234b70
user597;user597@user.com;First597;Last597;202cb962ac59075b964b07152d234b70
user598;user598@user.com;First598;Last598;202cb962ac59075b964b07152d234b70
user599;user599@user.com;First599;Last599;202cb962ac59075b964b07152d234b70
user600;user600@user.com;First600;Last600;202cb962ac59075b964b07152d234b70
user601;user601@user.com;First601;Last601;202cb962ac59075b964b07152d234b70
user602;user602@user.com;First602;Last602;202cb962ac59075b964b07152d234b70
user603;user603@user.com;First603;Last603;202cb962ac59075b964b07152d234b70
user604;user604@user.com;First604;Last604;202cb962ac59075b964b07152d234b70
user605;user605@user.com;First605;Last605;202cb962ac59075b964b07152d234b70
user606;user606@user.com;First606;Last606;202cb962ac59075b964b07152d234b70
user607;user607@user.com;First607;Last607;202cb962ac59075b964b07152d234b70
user608;user608@user.com;First608;Last608;202cb962ac59075b964b07152d234b70
user609;user609@user.com;First609;Last609;202cb962ac59075b964b07152d234b70
user610;user610@user.com;First610;Last610;202cb962ac59075b964b07152d234b70
user611;user611@user.com;First611;Last611;202cb962ac59075b964b07152d234b70
user612;user612@user.com;First612;Last612;202cb962ac59075b964b07152d234b70
user613;user613@user.com;First613;Last613;202cb962ac59075b964b07152d234b70
user614;user614@user.com;First614;Last614;202cb962ac59075b964b07152d234b70
user615;user615@user.com;First615;Last615;202cb962ac59075b964b07152d234b70
user616;user616@user.com;First616;Last616;202cb962ac59075b964b07152d234b70
user617;user617@user.com;First617;Last617;202cb962ac59075b964b07152d234b70
user618;user618@user.com;First618;Last618;202cb962ac59075b964b07152d234b70
user619;user619@user.com;First619;Last619;202cb962ac59075b964b07152d234b70
user620;user620@user.com;First620;Last620;202cb962ac59075b964b07152d234b70
user621;user621@user.com;First621;Last621;202cb962ac59075b964b07152d234b70
user622;user622@user.com;First622;Last622;202cb962ac59075b964b07152d234b70
user623;user623@user.com;First623;Last623;202cb962ac59075b964b07152d234b70
user624;user624@user.com;First624;Last624;202cb962ac59075b964b07152d234b70
user625;user625@user.com;First625;Last625;202cb962ac59075b964b07152d234b70
user626;user626@user.com;First626;Last626;202cb962ac59075b964b07152d234b70
user627;user627@user.com;First627;Last627;202cb962ac59075b964b07152d234b70
user628;user628@user.com;First628;Last628;202cb962ac59075b964b07152d234b70
user629;user629@user.com;First629;Last629;202cb962ac59075b964b07152d234b70
user630;user630@user.com;First630;Last630;202cb962ac59075b964b07152d234b70
user631;user631@user.com;First631;Last631;202cb962ac59075b964b07152d234b70
user632;user632@user.com;First632;Last632;202cb962ac59075b964b07152d234b70
user633;user633@user.com;First633;Last633;202cb962ac59075b964b07152d234b70
user634;user634@user.com;First634;Last634;202cb962ac59075b964b07152d234b70
user635;user635@user.com;First635;Last635;202cb962ac59075b964b07152d234b70
user636;user636@user.com;First636;Last636;202cb962ac59075b964b07152d234b70
user637;user637@user.com;First637;Last637;202cb962ac59075b964b07152d234b70
user638;user638@user.com;First638;Last638;202cb962ac59075b964b07152d234b70
user639;user639@user.com;First639;Last639;202cb962ac59075b964b07152d234b70
user640;user640@user.com;First640;Last640;202cb962ac59075b964b07152d234b70
user641;user641@user.com;First641;Last641;202cb962ac59075b964b07152d234b70
user642;user642@user.com;First642;Last642;202cb962ac59075b964b07152d234b70
user643;user643@user.com;First643;Last643;202cb962ac59075b964b07152d234b70
user644;user644@user.com;First644;Last644;202cb962ac59075b964b07152d234b70
user645;user645@user.com;First645;Last645;202cb962ac59075b964b07152d234b70
user646;user646@user.com;First646;Last646;202cb962ac59075b964b07152d234b70
user647;user647@user.com;First647;Last647;202cb962ac59075b964b07152d234b70
user648;user648@user.com;First648;Last648;202cb962ac59075b964b07152d234b70
user649;user649@user.com;First649;Last649;202cb962ac59075b964b07152d234b70
user650;user650@user.com;First650;Last650;202cb962ac59075b964b07152d234b70
user651;user651@user.com;First651;Last651;202cb962ac59075b964b07152d234b70
user652;user652@user.com;First652;Last652;202cb962ac59075b964b07152d234b70
user653;user653@user.com;First653;Last653;202cb962ac59075b964b07152d234b70
user654;user654@user.com;First654;Last654;202cb962ac59075b964b07152d234b70
user655;user655@user.com;First655;Last655;202cb962ac59075b964b07152d234b70
user656;user656@user.com;First656;Last656;202cb962ac59075b964b07152d234b70
user657;user657@user.com;First657;Last657;202cb962ac59075b964b07152d234b70
user658;user658@user.com;First658;Last658;202cb962ac59075b964b07152d234b70
user659;user659@user.com;First659;Last659;202cb962ac59075b964b07152d234b70
user660;user660@user.com;First660;Last660;202cb962ac59075b964b07152d234b70
user661;user661@user.com;First661;Last661;202cb962ac59075b964b07152d234b70
user662;user662@user.com;First662;Last662;202cb962ac59075b964b07152d234b70
user663;user663@user.com;First663;Last663;202cb962ac59075b964b07152d234b70
user664;user664@user.com;First664;Last664;202cb962ac59075b964b07152d234b70
user665;user665@user.com;First665;Last665;202cb962ac59075b964b07152d234b70
user666;user666@user.com;First666;Last666;202cb962ac59075b964b07152d234b70
user667;user667@user.com;First667;Last667;202cb962ac59075b964b07152d234b70
user668;user668@user.com;First668;Last668;202cb962ac59075b964b07152d234b70
user669;user669@user.com;First669;Last669;202cb962ac59075b964b07152d234b70
user670;user670@user.com;First670;Last670;202cb962ac59075b964b07152d234b70
user671;user671@user.com;First671;Last671;202cb962ac59075b964b07152d234b70
user672;user672@user.com;First672;Last672;202cb962ac59075b964b07152d234b70
user673;user673@user.com;First673;Last673;202cb962ac59075b964b07152d234b70
user674;user674@user.com;First674;Last674;202cb962ac59075b964b07152d234b70
user675;user675@user.com;First675;Last675;202cb962ac59075b964b07152d234b70
user676;user676@user.com;First676;Last676;202cb962ac59075b964b07152d234b70
user677;user677@user.com;First677;Last677;202cb962ac59075b964b07152d234b70
user678;user678@user.com;First678;Last678;202cb962ac59075b964b07152d234b70
user679;user679@user.com;First679;Last679;202cb962ac59075b964b07152d234b70
user680;user680@user.com;First680;Last680;202cb962ac59075b964b07152d234b70
user681;user681@user.com;First681;Last681;202cb962ac59075b964b07152d234b70
user682;user682@user.com;First682;Last682;202cb962ac59075b964b07152d234b70
user683;user683@user.com;First683;Last683;202cb962ac59075b964b07152d234b70
user684;user684@user.com;First684;Last684;202cb962ac59075b964b07152d234b70
user685;user685@user.com;First685;Last685;202cb962ac59075b964b07152d234b70
user686;user686@user.com;First686;Last686;202cb962ac59075b964b07152d234b70
user687;user687@user.com;First687;Last687;202cb962ac59075b964b07152d234b70
user688;user688@user.com;First688;Last688;202cb962ac59075b964b07152d234b70
user689;user689@user.com;First689;Last689;202cb962ac59075b964b07152d234b70
user690;user690@user.com;First690;Last690;202cb962ac59075b964b07152d234b70
user691;user691@user.com;First691;Last691;202cb962ac59075b964b07152d234b70
user692;user692@user.com;First692;Last692;202cb962ac59075b964b07152d234b70
user693;user693@user.com;First693;Last693;202cb962ac59075b964b07152d234b70
user694;user694@user.com;First694;Last694;202cb962ac59075b964b07152d234b70
user695;user695@user.com;First695;Last695;202cb962ac59075b964b07152d234b70
user696;user696@user.com;First696;Last696;202cb962ac59075b964b07152d234b70
user697;user697@user.com;First697;Last697;202cb962ac59075b964b07152d234b70
user698;user698@user.com;First698;Last698;202cb962ac59075b964b07152d234b70
user699;user699@user.com;First699;Last699;202cb962ac59075b964b07152d234b70
user700;user700@user.com;First700;Last700;202cb962ac59075b964b07152d234b70
user701;user701@user.com;First701;Last701;202cb962ac59075b964b07152d234b70
user702;user702@user.com;First702;Last702;202cb962ac59075b964b07152d234b70
user703;user703@user.com;First703;Last703;202cb962ac59075b964b07152d234b70
user704;user704@user.com;First704;Last704;202cb962ac59075b964b07152d234b70
user705;user705@user.com;First705;Last705;202cb962ac59075b964b07152d234b70
user706;user706@user.com;First706;Last706;202cb962ac59075b964b07152d234b70
user707;user707@user.com;First707;Last707;202cb962ac59075b964b07152d234b70
user708;user708@user.com;First708;Last708;202cb962ac59075b964b07152d234b70
user709;user709@user.com;First709;Last709;202cb962ac59075b964b07152d234b70
user710;user710@user.com;First710;Last710;202cb962ac59075b964b07152d234b70
user711;user711@user.com;First711;Last711;202cb962ac59075b964b07152d234b70
user712;user712@user.com;First712;Last712;202cb962ac59075b964b07152d234b70
user713;user713@user.com;First713;Last713;202cb962ac59075b964b07152d234b70
user714;user714@user.com;First714;Last714;202cb962ac59075b964b07152d234b70
user715;user715@user.com;First715;Last715;202cb962ac59075b964b07152d234b70
user716;user716@user.com;First716;Last716;202cb962ac59075b964b07152d234b70
user717;user717@user.com;First717;Last717;202cb962ac59075b964b07152d234b70
user718;user718@user.com;First718;Last718;202cb962ac59075b964b07152d234b70
user719;user719@user.com;First719;Last719;202cb962ac59075b964b07152d234b70
user721;user721@user.com;First721;Last721;202cb962ac59075b964b07152d234b70
user722;user722@user.com;First722;Last722;202cb962ac59075b964b07152d234b70
user723;user723@user.com;First723;Last723;202cb962ac59075b964b07152d234b70
user724;user724@user.com;First724;Last724;202cb962ac59075b964b07152d234b70
user725;user725@user.com;First725;Last725;202cb962ac59075b964b07152d234b70
user726;user726@user.com;First726;Last726;202cb962ac59075b964b07152d234b70
user727;user727@user.com;First727;Last727;202cb962ac59075b964b07152d234b70
user728;user728@user.com;First728;Last728;202cb962ac59075b964b07152d234b70
user729;user729@user.com;First729;Last729;202cb962ac59075b964b07152d234b70
user730;user730@user.com;First730;Last730;202cb962ac59075b964b07152d234b70
user731;user731@user.com;First731;Last731;202cb962ac59075b964b07152d234b70
user732;user732@user.com;First732;Last732;202cb962ac59075b964b07152d234b70
user733;user733@user.com;First733;Last733;202cb962ac59075b964b07152d234b70
user734;user734@user.com;First734;Last734;202cb962ac59075b964b07152d234b70
user735;user735@user.com;First735;Last735;202cb962ac59075b964b07152d234b70
user736;user736@user.com;First736;Last736;202cb962ac59075b964b07152d234b70
user737;user737@user.com;First737;Last737;202cb962ac59075b964b07152d234b70
user738;user738@user.com;First738;Last738;202cb962ac59075b964b07152d234b70
user739;user739@user.com;First739;Last739;202cb962ac59075b964b07152d234b70
user740;user740@user.com;First740;Last740;202cb962ac59075b964b07152d234b70
user741;user741@user.com;First741;Last741;202cb962ac59075b964b07152d234b70
user742;user742@user.com;First742;Last742;202cb962ac59075b964b07152d234b70
user743;user743@user.com;First743;Last743;202cb962ac59075b964b07152d234b70
user744;user744@user.com;First744;Last744;202cb962ac59075b964b07152d234b70
user745;user745@user.com;First745;Last745;202cb962ac59075b964b07152d234b70
user746;user746@user.com;First746;Last746;202cb962ac59075b964b07152d234b70
user747;user747@user.com;First747;Last747;202cb962ac59075b964b07152d234b70
user748;user748@user.com;First748;Last748;202cb962ac59075b964b07152d234b70
user749;user749@user.com;First749;Last749;202cb962ac59075b964b07152d234b70
user750;user750@user.com;First750;Last750;202cb962ac59075b964b07152d234b70
user751;user751@user.com;First751;Last751;202cb962ac59075b964b07152d234b70
user752;user752@user.com;First752;Last752;202cb962ac59075b964b07152d234b70
user753;user753@user.com;First753;Last753;202cb962ac59075b964b07152d234b70
user754;user754@user.com;First754;Last754;202cb962ac59075b964b07152d234b70
user755;user755@user.com;First755;Last755;202cb962ac59075b964b07152d234b70
user756;user756@user.com;First756;Last756;202cb962ac59075b964b07152d234b70
user757;user757@user.com;First757;Last757;202cb962ac59075b964b07152d234b70
user758;user758@user.com;First758;Last758;202cb962ac59075b964b07152d234b70
user759;user759@user.com;First759;Last759;202cb962ac59075b964b07152d234b70
user760;user760@user.com;First760;Last760;202cb962ac59075b964b07152d234b70
user761;user761@user.com;First761;Last761;202cb962ac59075b964b07152d234b70
user762;user762@user.com;First762;Last762;202cb962ac59075b964b07152d234b70
user763;user763@user.com;First763;Last763;202cb962ac59075b964b07152d234b70
user764;user764@user.com;First764;Last764;202cb962ac59075b964b07152d234b70
user765;user765@user.com;First765;Last765;202cb962ac59075b964b07152d234b70
user766;user766@user.com;First766;Last766;202cb962ac59075b964b07152d234b70
user767;user767@user.com;First767;Last767;202cb962ac59075b964b07152d234b70
user768;user768@user.com;First768;Last768;202cb962ac59075b964b07152d234b70
user769;user769@user.com;First769;Last769;202cb962ac59075b964b07152d234b70
user770;user770@user.com;First770;Last770;202cb962ac59075b964b07152d234b70
user771;user771@user.com;First771;Last771;202cb962ac59075b964b07152d234b70
user772;user772@user.com;First772;Last772;202cb962ac59075b964b07152d234b70
user773;user773@user.com;First773;Last773;202cb962ac59075b964b07152d234b70
user774;user774@user.com;First774;Last774;202cb962ac59075b964b07152d234b70
user775;user775@user.com;First775;Last775;202cb962ac59075b964b07152d234b70
user776;user776@user.com;First776;Last776;202cb962ac59075b964b07152d234b70
user777;user777@user.com;First777;Last777;202cb962ac59075b964b07152d234b70
user778;user778@user.com;First778;Last778;202cb962ac59075b964b07152d234b70
user779;user779@user.com;First779;Last779;202cb962ac59075b964b07152d234b70
user780;user780@user.com;First780;Last780;202cb962ac59075b964b07152d234b70
user781;user781@user.com;First781;Last781;202cb962ac59075b964b07152d234b70
user782;user782@user.com;First782;Last782;202cb962ac59075b964b07152d234b70
user783;user783@user.com;First783;Last783;202cb962ac59075b964b07152d234b70
user784;user784@user.com;First784;Last784;202cb962ac59075b964b07152d234b70
user785;user785@user.com;First785;Last785;202cb962ac59075b964b07152d234b70
user786;user786@user.com;First786;Last786;202cb962ac59075b964b07152d234b70
user787;user787@user.com;First787;Last787;202cb962ac59075b964b07152d234b70
user788;user788@user.com;First788;Last788;202cb962ac59075b964b07152d234b70
user789;user789@user.com;First789;Last789;202cb962ac59075b964b07152d234b70
user790;user790@user.com;First790;Last790;202cb962ac59075b964b07152d234b70
user791;user791@user.com;First791;Last791;202cb962ac59075b964b07152d234b70
user792;user792@user.com;First792;Last792;202cb962ac59075b964b07152d234b70
user793;user793@user.com;First793;Last793;202cb962ac59075b964b07152d234b70
user794;user794@user.com;First794;Last794;202cb962ac59075b964b07152d234b70
user795;user795@user.com;First795;Last795;202cb962ac59075b964b07152d234b70
user796;user796@user.com;First796;Last796;202cb962ac59075b964b07152d234b70
user797;user797@user.com;First797;Last797;202cb962ac59075b964b07152d234b70
user798;user798@user.com;First798;Last798;202cb962ac59075b964b07152d234b70
user799;user799@user.com;First799;Last799;202cb962ac59075b964b07152d234b70
user800;user800@user.com;First800;Last800;202cb962ac59075b964b07152d234b70
user801;user801@user.com;First801;Last801;202cb962ac59075b964b07152d234b70
user802;user802@user.com;First802;Last802;202cb962ac59075b964b07152d234b70
user803;user803@user.com;First803;Last803;202cb962ac59075b964b07152d234b70
user804;user804@user.com;First804;Last804;202cb962ac59075b964b07152d234b70
user805;user805@user.com;First805;Last805;202cb962ac59075b964b07152d234b70
user806;user806@user.com;First806;Last806;202cb962ac59075b964b07152d234b70
user807;user807@user.com;First807;Last807;202cb962ac59075b964b07152d234b70
user808;user808@user.com;First808;Last808;202cb962ac59075b964b07152d234b70
user809;user809@user.com;First809;Last809;202cb962ac59075b964b07152d234b70
user810;user810@user.com;First810;Last810;202cb962ac59075b964b07152d234b70
user811;user811@user.com;First811;Last811;202cb962ac59075b964b07152d234b70
user812;user812@user.com;First812;Last812;202cb962ac59075b964b07152d234b70
user813;user813@user.com;First813;Last813;202cb962ac59075b964b07152d234b70
user814;user814@user.com;First814;Last814;202cb962ac59075b964b07152d234b70
user815;user815@user.com;First815;Last815;202cb962ac59075b964b07152d234b70
user816;user816@user.com;First816;Last816;202cb962ac59075b964b07152d234b70
user817;user817@user.com;First817;Last817;202cb962ac59075b964b07152d234b70
user818;user818@user.com;First818;Last818;202cb962ac59075b964b07152d234b70
user819;user819@user.com;First819;Last819;202cb962ac59075b964b07152d234b70
user820;user820@user.com;First820;Last820;202cb962ac59075b964b07152d234b70
user821;user821@user.com;First821;Last821;202cb962ac59075b964b07152d234b70
user822;user822@user.com;First822;Last822;202cb962ac59075b964b07152d234b70
user823;user823@user.com;First823;Last823;202cb962ac59075b964b07152d234b70
user824;user824@user.com;First824;Last824;202cb962ac59075b964b07152d234b70
user825;user825@user.com;First825;Last825;202cb962ac59075b964b07152d234b70
user826;user826@user.com;First826;Last826;202cb962ac59075b964b07152d234b70
user827;user827@user.com;First827;Last827;202cb962ac59075b964b07152d234b70
user828;user828@user.com;First828;Last828;202cb962ac59075b964b07152d234b70
user829;user829@user.com;First829;Last829;202cb962ac59075b964b07152d234b70
user830;user830@user.com;First830;Last830;202cb962ac59075b964b07152d234b70
user831;user831@user.com;First831;Last831;202cb962ac59075b964b07152d234b70
user832;user832@user.com;First832;Last832;202cb962ac59075b964b07152d234b70
user833;user833@user.com;First833;Last833;202cb962ac59075b964b07152d234b70
user834;user834@user.com;First834;Last834;202cb962ac59075b964b07152d234b70
user835;user835@user.com;First835;Last835;202cb962ac59075b964b07152d234b70
user836;user836@user.com;First836;Last836;202cb962ac59075b964b07152d234b70
user837;user837@user.com;First837;Last837;202cb962ac59075b964b07152d234b70
user838;user838@user.com;First838;Last838;202cb962ac59075b964b07152d234b70
user839;user839@user.com;First839;Last839;202cb962ac59075b964b07152d234b70
user840;user840@user.com;First840;Last840;202cb962ac59075b964b07152d234b70
user841;user841@user.com;First841;Last841;202cb962ac59075b964b07152d234b70
user842;user842@user.com;First842;Last842;202cb962ac59075b964b07152d234b70
user843;user843@user.com;First843;Last843;202cb962ac59075b964b07152d234b70
user844;user844@user.com;First844;Last844;202cb962ac59075b964b07152d234b70
user845;user845@user.com;First845;Last845;202cb962ac59075b964b07152d234b70
user846;user846@user.com;First846;Last846;202cb962ac59075b964b07152d234b70
user847;user847@user.com;First847;Last847;202cb962ac59075b964b07152d234b70
user848;user848@user.com;First848;Last848;202cb962ac59075b964b07152d234b70
user849;user849@user.com;First849;Last849;202cb962ac59075b964b07152d234b70
user850;user850@user.com;First850;Last850;202cb962ac59075b964b07152d234b70
user851;user851@user.com;First851;Last851;202cb962ac59075b964b07152d234b70
user852;user852@user.com;First852;Last852;202cb962ac59075b964b07152d234b70
user853;user853@user.com;First853;Last853;202cb962ac59075b964b07152d234b70
user854;user854@user.com;First854;Last854;202cb962ac59075b964b07152d234b70
user855;user855@user.com;First855;Last855;202cb962ac59075b964b07152d234b70
user856;user856@user.com;First856;Last856;202cb962ac59075b964b07152d234b70
user857;user857@user.com;First857;Last857;202cb962ac59075b964b07152d234b70
user858;user858@user.com;First858;Last858;202cb962ac59075b964b07152d234b70
user859;user859@user.com;First859;Last859;202cb962ac59075b964b07152d234b70
user860;user860@user.com;First860;Last860;202cb962ac59075b964b07152d234b70
user861;user861@user.com;First861;Last861;202cb962ac59075b964b07152d234b70
user862;user862@user.com;First862;Last862;202cb962ac59075b964b07152d234b70
user863;user863@user.com;First863;Last863;202cb962ac59075b964b07152d234b70
user864;user864@user.com;First864;Last864;202cb962ac59075b964b07152d234b70
user865;user865@user.com;First865;Last865;202cb962ac59075b964b07152d234b70
user866;user866@user.com;First866;Last866;202cb962ac59075b964b07152d234b70
user867;user867@user.com;First867;Last867;202cb962ac59075b964b07152d234b70
user868;user868@user.com;First868;Last868;202cb962ac59075b964b07152d234b70
user869;user869@user.com;First869;Last869;202cb962ac59075b964b07152d234b70
user870;user870@user.com;First870;Last870;202cb962ac59075b964b07152d234b70
user871;user871@user.com;First871;Last871;202cb962ac59075b964b07152d234b70
user872;user872@user.com;First872;Last872;202cb962ac59075b964b07152d234b70
user873;user873@user.com;First873;Last873;202cb962ac59075b964b07152d234b70
user874;user874@user.com;First874;Last874;202cb962ac59075b964b07152d234b70
user875;user875@user.com;First875;Last875;202cb962ac59075b964b07152d234b70
user876;user876@user.com;First876;Last876;202cb962ac59075b964b07152d234b70
user877;user877@user.com;First877;Last877;202cb962ac59075b964b07152d234b70
user878;user878@user.com;First878;Last878;202cb962ac59075b964b07152d234b70
user879;user879@user.com;First879;Last879;202cb962ac59075b964b07152d234b70
user880;user880@user.com;First880;Last880;202cb962ac59075b964b07152d234b70
user881;user881@user.com;First881;Last881;202cb962ac59075b964b07152d234b70
user882;user882@user.com;First882;Last882;202cb962ac59075b964b07152d234b70
user883;user883@user.com;First883;Last883;202cb962ac59075b964b07152d234b70
user884;user884@user.com;First884;Last884;202cb962ac59075b964b07152d234b70
user885;user885@user.com;First885;Last885;202cb962ac59075b964b07152d234b70
user886;user886@user.com;First886;Last886;202cb962ac59075b964b07152d234b70
user887;user887@user.com;First887;Last887;202cb962ac59075b964b07152d234b70
user888;user888@user.com;First888;Last888;202cb962ac59075b964b07152d234b70
user889;user889@user.com;First889;Last889;202cb962ac59075b964b07152d234b70
user890;user890@user.com;First890;Last890;202cb962ac59075b964b07152d234b70
user891;user891@user.com;First891;Last891;202cb962ac59075b964b07152d234b70
user892;user892@user.com;First892;Last892;202cb962ac59075b964b07152d234b70
user893;user893@user.com;First893;Last893;202cb962ac59075b964b07152d234b70
user894;user894@user.com;First894;Last894;202cb962ac59075b964b07152d234b70
user895;user895@user.com;First895;Last895;202cb962ac59075b964b07152d234b70
user896;user896@user.com;First896;Last896;202cb962ac59075b964b07152d234b70
user897;user897@user.com;First897;Last897;202cb962ac59075b964b07152d234b70
user898;user898@user.com;First898;Last898;202cb962ac59075b964b07152d234b70
user899;user899@user.com;First899;Last899;202cb962ac59075b964b07152d234b70
user900;user900@user.com;First900;Last900;202cb962ac59075b964b07152d234b70
user901;user901@user.com;First901;Last901;202cb962ac59075b964b07152d234b70
user902;user902@user.com;First902;Last902;202cb962ac59075b964b07152d234b70
user903;user903@user.com;First903;Last903;202cb962ac59075b964b07152d234b70
user904;user904@user.com;First904;Last904;202cb962ac59075b964b07152d234b70
user905;user905@user.com;First905;Last905;202cb962ac59075b964b07152d234b70
user906;user906@user.com;First906;Last906;202cb962ac59075b964b07152d234b70
user907;user907@user.com;First907;Last907;202cb962ac59075b964b07152d234b70
user908;user908@user.com;First908;Last908;202cb962ac59075b964b07152d234b70
user909;user909@user.com;First909;Last909;202cb962ac59075b964b07152d234b70
user910;user910@user.com;First910;Last910;202cb962ac59075b964b07152d234b70
user911;user911@user.com;First911;Last911;202cb962ac59075b964b07152d234b70
user912;user912@user.com;First912;Last912;202cb962ac59075b964b07152d234b70
user913;user913@user.com;First913;Last913;202cb962ac59075b964b07152d234b70
user914;user914@user.com;First914;Last914;202cb962ac59075b964b07152d234b70
user915;user915@user.com;First915;Last915;202cb962ac59075b964b07152d234b70
user916;user916@user.com;First916;Last916;202cb962ac59075b964b07152d234b70
user917;user917@user.com;First917;Last917;202cb962ac59075b964b07152d234b70
user918;user918@user.com;First918;Last918;202cb962ac59075b964b07152d234b70
user919;user919@user.com;First919;Last919;202cb962ac59075b964b07152d234b70
user920;user920@user.com;First920;Last920;202cb962ac59075b964b07152d234b70
user921;user921@user.com;First921;Last921;202cb962ac59075b964b07152d234b70
user922;user922@user.com;First922;Last922;202cb962ac59075b964b07152d234b70
user923;user923@user.com;First923;Last923;202cb962ac59075b964b07152d234b70
user924;user924@user.com;First924;Last924;202cb962ac59075b964b07152d234b70
user925;user925@user.com;First925;Last925;202cb962ac59075b964b07152d234b70
user926;user926@user.com;First926;Last926;202cb962ac59075b964b07152d234b70
user927;user927@user.com;First927;Last927;202cb962ac59075b964b07152d234b70
user928;user928@user.com;First928;Last928;202cb962ac59075b964b07152d234b70
user929;user929@user.com;First929;Last929;202cb962ac59075b964b07152d234b70
user930;user930@user.com;First930;Last930;202cb962ac59075b964b07152d234b70
user931;user931@user.com;First931;Last931;202cb962ac59075b964b07152d234b70
user932;user932@user.com;First932;Last932;202cb962ac59075b964b07152d234b70
user933;user933@user.com;First933;Last933;202cb962ac59075b964b07152d234b70
user934;user934@user.com;First934;Last934;202cb962ac59075b964b07152d234b70
user935;user935@user.com;First935;Last935;202cb962ac59075b964b07152d234b70
user936;user936@user.com;First936;Last936;202cb962ac59075b964b07152d234b70
user937;user937@user.com;First937;Last937;202cb962ac59075b964b07152d234b70
user938;user938@user.com;First938;Last938;202cb962ac59075b964b07152d234b70
user939;user939@user.com;First939;Last939;202cb962ac59075b964b07152d234b70
user940;user940@user.com;First940;Last940;202cb962ac59075b964b07152d234b70
user941;user941@user.com;First941;Last941;202cb962ac59075b964b07152d234b70
user942;user942@user.com;First942;Last942;202cb962ac59075b964b07152d234b70
user943;user943@user.com;First943;Last943;202cb962ac59075b964b07152d234b70
user944;user944@user.com;First944;Last944;202cb962ac59075b964b07152d234b70
user945;user945@user.com;First945;Last945;202cb962ac59075b964b07152d234b70
user946;user946@user.com;First946;Last946;202cb962ac59075b964b07152d234b70
user947;user947@user.com;First947;Last947;202cb962ac59075b964b07152d234b70
user948;user948@user.com;First948;Last948;202cb962ac59075b964b07152d234b70
user949;user949@user.com;First949;Last949;202cb962ac59075b964b07152d234b70
user950;user950@user.com;First950;Last950;202cb962ac59075b964b07152d234b70
user951;user951@user.com;First951;Last951;202cb962ac59075b964b07152d234b70
user952;user952@user.com;First952;Last952;202cb962ac59075b964b07152d234b70
user953;user953@user.com;First953;Last953;202cb962ac59075b964b07152d234b70
user954;user954@user.com;First954;Last954;202cb962ac59075b964b07152d234b70
user955;user955@user.com;First955;Last955;202cb962ac59075b964b07152d234b70
user956;user956@user.com;First956;Last956;202cb962ac59075b964b07152d234b70
user957;user957@user.com;First957;Last957;202cb962ac59075b964b07152d234b70
user958;user958@user.com;First958;Last958;202cb962ac59075b964b07152d234b70
user959;user959@user.com;First959;Last959;202cb962ac59075b964b07152d234b70
user960;user960@user.com;First960;Last960;202cb962ac59075b964b07152d234b70
user961;user961@user.com;First961;Last961;202cb962ac59075b964b07152d234b70
user962;user962@user.com;First962;Last962;202cb962ac59075b964b07152d234b70
user963;user963@user.com;First963;Last963;202cb962ac59075b964b07152d234b70
user964;user964@user.com;First964;Last964;202cb962ac59075b964b07152d234b70
user965;user965@user.com;First965;Last965;202cb962ac59075b964b07152d234b70
user966;user966@user.com;First966;Last966;202cb962ac59075b964b07152d234b70
user967;user967@user.com;First967;Last967;202cb962ac59075b964b07152d234b70
user968;user968@user.com;First968;Last968;202cb962ac59075b964b07152d234b70
user969;user969@user.com;First969;Last969;202cb962ac59075b964b07152d234b70
user970;user970@user.com;First970;Last970;202cb962ac59075b964b07152d234b70
user971;user971@user.com;First971;Last971;202cb962ac59075b964b07152d234b70
user972;user972@user.com;First972;Last972;202cb962ac59075b964b07152d234b70
user973;user973@user.com;First973;Last973;202cb962ac59075b964b07152d234b70
user974;user974@user.com;First974;Last974;202cb962ac59075b964b07152d234b70
user975;user975@user.com;First975;Last975;202cb962ac59075b964b07152d234b70
user976;user976@user.com;First976;Last976;202cb962ac59075b964b07152d234b70
user977;user977@user.com;First977;Last977;202cb962ac59075b964b07152d234b70
user978;user978@user.com;First978;Last978;202cb962ac59075b964b07152d234b70
user979;user979@user.com;First979;Last979;202cb962ac59075b964b07152d234b70
user980;user980@user.com;First980;Last980;202cb962ac59075b964b07152d234b70
user981;user981@user.com;First981;Last981;202cb962ac59075b964b07152d234b70
user982;user982@user.com;First982;Last982;202cb962ac59075b964b07152d234b70
user983;user983@user.com;First983;Last983;202cb962ac59075b964b07152d234b70
user984;user984@user.com;First984;Last984;202cb962ac59075b964b07152d234b70
user985;user985@user.com;First985;Last985;202cb962ac59075b964b07152d234b70
user986;user986@user.com;First986;Last986;202cb962ac59075b964b07152d234b70
user987;user987@user.com;First987;Last987;202cb962ac59075b964b07152d234b70
user988;user988@user.com;First988;Last988;202cb962ac59075b964b07152d234b70
user989;user989@user.com;First989;Last989;202cb962ac59075b964b07152d234b70
user990;user990@user.com;First990;Last990;202cb962ac59075b964b07152d234b70
user991;user991@user.com;First991;Last991;202cb962ac59075b964b07152d234b70
user992;user992@user.com;First992;Last992;202cb962ac59075b964b07152d234b70
user993;user993@user.com;First993;Last993;202cb962ac59075b964b07152d234b70
user994;user994@user.com;First994;Last994;202cb962ac59075b964b07152d234b70
user995;user995@user.com;First995;Last995;202cb962ac59075b964b07152d234b70
user996;user996@user.com;First996;Last996;202cb962ac59075b964b07152d234b70
user997;user997@user.com;First997;Last997;202cb962ac59075b964b07152d234b70
user998;user998@user.com;First998;Last998;202cb962ac59075b964b07152d234b70
user999;user999@user.com;First999;Last999;202cb962ac59075b964b07152d234b70
sssss;sss@sss.ss;asdss2;sssss;202cb962ac59075b964b07152d234b70
